id,name,company_name,phone_number,password
029aa7c0-95bb-49ca-a4c3-09c0d308d4d2,Leigh Sevitt,Brightdog,1798221501,3y8dpcj65
c166a664-110e-4dd4-b9a5-6d310dc5f493,Vinnie Meneo,Thoughtstorm,5668280389,OBmX0Clt
a2e18df3-01f2-4662-a8da-e758996b9ec7,Harriett Jewks,Skilith,2372654214,5IX4DXX
79c02aa1-ff79-4c2d-9f76-7a579950fa52,Marjy Jahnke,Avamba,2917627233,A7oLulayjOhr
783a92c1-b855-426b-b81d-c4694177d124,Lalo Robbert,Skyvu,7457443631,aMPtmRnRAjYa
53762aa5-ba21-4561-ad66-2ec2ed942a18,Alexina Douche,Shuffledrive,2231662524,mcBZCIc
0a9024e5-e6a3-44e8-8607-ee985df84d4e,Ashely Ventom,Twitterworks,3438813640,6ulh8yKV
4c8afd66-da2e-4e57-a21e-3286a7f618d6,Bax Keohane,Flashpoint,4069188677,rj9hyhdl
091160af-bb2b-469f-a474-b9b50fcc58fc,Anatole Randales,Cogibox,2368387265,IwO9Oz9V1Up3
ed7c9a3c-1632-4eb7-b10d-3b84de385e27,Gale MacMeanma,Zooveo,6148159624,wr8ICoyeGgS